Particulars,No Of Shares,Cumu no of shares,ADJ Factor,T/F,Weighted Avg
Opg,8000,8000,1.07758,2/12,1436.77
1/6 PI,2000,10000,1.07758,2/12,1795.97
1/8 Right,2500,12500,,8/12,8333